project	case	kind	expected	actual	pass
spring-petclinic	vet-repository-kind	TYPE	REPOSITORY	CLASS	false
spring-petclinic	owner-repository-kind	TYPE	REPOSITORY	CLASS	false
spring-petclinic	pet-type-repository-kind	TYPE	REPOSITORY	CLASS	false
spring-petclinic	vet-repository-entity	EDGE	true	false	false
spring-petclinic	owner-repository-entity	EDGE	true	false	false
spring-petclinic	pet-type-repository-entity	EDGE	true	false	false
spring-petclinic	formatter-inherited-get-name	EDGE	true	false	false
spring-petclinic	formatter-loop-inherited-get-name	EDGE	true	false	false
spring-petclinic	formatter-repository-call	EDGE	true	true	true
spring-petclinic	vet-test-link	EDGE	true	true	true
spring-petclinic	owner-table	EDGE	true	true	true
spring-petclinic	pet-type-table	EDGE	true	true	true
spring-petclinic	new-pet-get-handler	EDGE	true	true	true
spring-petclinic	formatter-base-method-impact	IMPACT	true	true	true
spring-petclinic	vet-html-test-impact	IMPACT	true	true	true
gs-rest-service	rest-controller-kind	TYPE	CONTROLLER	CONTROLLER	true
gs-rest-service	greeting-handler	EDGE	true	true	true
gs-rest-service	greeting-domain-dependency	EDGE	true	true	true
gs-rest-service	greeting-test-link	EDGE	true	true	true
gs-rest-service	greeting-test-impact	IMPACT	true	true	true
gs-accessing-data-jpa	customer-repository-kind	TYPE	REPOSITORY	CLASS	false
gs-accessing-data-jpa	customer-entity-kind	TYPE	ENTITY	ENTITY	true
gs-accessing-data-jpa	customer-repository-entity	EDGE	true	false	false
gs-accessing-data-jpa	customer-table	EDGE	true	true	true
gs-accessing-data-jpa	customer-find-by-name-call	EDGE	true	true	true
gs-accessing-data-jpa	customer-repository-test	EDGE	true	true	true
gs-accessing-data-jpa	customer-name-test-impact	IMPACT	true	true	true
gs-accessing-data-jpa	customer-name-data-impact	IMPACT	true	true	true
gs-accessing-data-jpa	customer-name-table-impact	IMPACT	true	true	true
spring-petclinic	vet-page-handler	EDGE	true	true	true
